MSE,R2
0.006396854417839934,0.9821541417777295
